{
    "auxiliary_fan": "0",
    "bbl_calib_mark_logo": "1",
    "bed_custom_model": "",
    "bed_custom_texture": "",
    "bed_exclude_area": [
        "0x0"
    ],
    "before_layer_change_gcode": ";BEFORE_LAYER_CHANGE\n;{layer_z}\n",
    "change_filament_gcode": "M600",
    "default_filament_profile": [
        "Creality Generic PLA"
    ],
    "default_print_profile": "0.20mm Standard @Creality Ender3V2",
    "deretraction_speed": [
        "30"
    ],
    "extruder_clearance_height_to_lid": "60",
    "extruder_clearance_height_to_rod": "60",
    "extruder_clearance_radius": "47",
    "extruder_colour": [
        "#FCE94F"
    ],
    "extruder_offset": [
        "0x0"
    ],
    "fan_kickstart": "0",
    "fan_speedup_overhangs": "1",
    "fan_speedup_time": "0",
    "from": "",
    "gcode_flavor": "klipper",
    "host_type": "octoprint",
    "inherits": "Creality Ender-3 V2 0.4 nozzle",
    "layer_change_gcode": ";AFTER_LAYER_CHANGE\n;{layer_z}",
    "machine_end_gcode": "END_PRINT",
    "machine_load_filament_time": "0",
    "machine_max_acceleration_e": [
        "5000",
        "5000"
    ],
    "machine_max_acceleration_extruding": [
        "1000",
        "500"
    ],
    "machine_max_acceleration_retracting": [
        "1000",
        "1000"
    ],
    "machine_max_acceleration_travel": [
        "500",
        "500"
    ],
    "machine_max_acceleration_x": [
        "2500",
        "500"
    ],
    "machine_max_acceleration_y": [
        "2500",
        "500"
    ],
    "machine_max_acceleration_z": [
        "100",
        "100"
    ],
    "machine_max_jerk_e": [
        "5",
        "5"
    ],
    "machine_max_jerk_x": [
        "12",
        "8"
    ],
    "machine_max_jerk_y": [
        "12",
        "8"
    ],
    "machine_max_jerk_z": [
        "0.4",
        "0.4"
    ],
    "machine_max_speed_e": [
        "5000",
        "60"
    ],
    "machine_max_speed_x": [
        "2000",
        "500"
    ],
    "machine_max_speed_y": [
        "1000",
        "500"
    ],
    "machine_max_speed_z": [
        "10",
        "10"
    ],
    "machine_min_extruding_rate": [
        "0",
        "0"
    ],
    "machine_min_travel_rate": [
        "0",
        "0"
    ],
    "machine_pause_gcode": "M25 ;pause print",
    "machine_start_gcode": "START_PRINT EXTRUDER_TEMP=[first_layer_temperature] BED_TEMP=[first_layer_bed_temperature] AREA_START={first_layer_print_min[0]},{first_layer_print_min[1]} AREA_END={first_layer_print_max[0]},{first_layer_print_max[1]}",
    "machine_unload_filament_time": "0",
    "max_layer_height": [
        "0.4"
    ],
    "min_layer_height": [
        "0.16"
    ],
    "name": "Creality Ender 3 S1 - DrkPxl",
    "nozzle_diameter": [
        "0.6"
    ],
    "nozzle_hrc": "0",
    "nozzle_type": "undefine",
    "nozzle_volume": "0",
    "print_host": "klipper.local",
    "print_host_webui": "",
    "printable_area": [
        "0x0",
        "220x0",
        "220x220",
        "0x220"
    ],
    "printable_height": "270",
    "printer_model": "Creality Ender-3 V2",
    "printer_settings_id": "Creality Ender 3 S1 - DrkPxl",
    "printer_technology": "FFF",
    "printer_variant": "0.4",
    "printhost_apikey": "",
    "printhost_authorization_type": "key",
    "printhost_cafile": "",
    "printhost_password": "",
    "printhost_port": "",
    "printhost_ssl_ignore_revoke": "0",
    "printhost_user": "",
    "retract_before_wipe": [
        "70%"
    ],
    "retract_length_toolchange": [
        "2"
    ],
    "retract_restart_extra": [
        "0"
    ],
    "retract_restart_extra_toolchange": [
        "0"
    ],
    "retract_when_changing_layer": [
        "0"
    ],
    "retraction_length": [
        "0.4"
    ],
    "retraction_minimum_travel": [
        "1.5"
    ],
    "retraction_speed": [
        "40"
    ],
    "scan_first_layer": "0",
    "silent_mode": "0",
    "single_extruder_multi_material": "1",
    "template_custom_gcode": "",
    "thumbnails": [
        "300x300"
    ],
    "upward_compatible_machine": [],
    "use_firmware_retraction": "0",
    "use_relative_e_distances": "1",
    "version": "1.5.0.2",
    "wipe": [
        "1"
    ],
    "wipe_distance": [
        "2"
    ],
    "z_hop": [
        "0"
    ],
    "z_hop_types": [
        "Spiral Lift"
    ]
}
