{
    "additional_cooling_fan_speed": [
        "70"
    ],
    "bed_temperature_difference": [
        "10"
    ],
    "chamber_temperature": "0",
    "close_fan_the_first_x_layers": [
        "1"
    ],
    "compatible_printers": [
        "Creality CR-10 V2 0.4 nozzle",
        "Creality CR-10 Max 0.4 nozzle",
        "Creality Ender-3 V2 0.4 nozzle",
        "Creality Ender-3 S1 0.4 nozzle",
        "Creality Ender-3 S1 Pro 0.4 nozzle",
        "Creality Ender-5 0.4 nozzle",
        "Creality Ender-5 Plus 0.4 nozzle",
        "Creality Ender-5 Pro (2019) 0.4 nozzle",
        "Creality Ender-5S 0.4 nozzle",
        "Creality Ender-5 S1 0.4 nozzle",
        "Creality Ender-6 0.4 nozzle"
    ],
    "compatible_printers_condition": "",
    "compatible_prints": [],
    "compatible_prints_condition": "",
    "cool_plate_temp": [
        "60"
    ],
    "cool_plate_temp_initial_layer": [
        "60"
    ],
    "default_filament_colour": [
        "#118002"
    ],
    "enable_overhang_bridge_fan": [
        "1"
    ],
    "enable_pressure_advance": [
        "1"
    ],
    "eng_plate_temp": [
        "60"
    ],
    "eng_plate_temp_initial_layer": [
        "60"
    ],
    "fan_cooling_layer_time": [
        "100"
    ],
    "fan_max_speed": [
        "100"
    ],
    "fan_min_speed": [
        "100"
    ],
    "filament_cost": [
        "20"
    ],
    "filament_density": [
        "1.24"
    ],
    "filament_deretraction_speed": [
        "nil"
    ],
    "filament_diameter": [
        "1.75"
    ],
    "filament_end_gcode": [
        "; filament end gcode \n"
    ],
    "filament_flow_ratio": [
        "0.95"
    ],
    "filament_is_support": [
        "0"
    ],
    "filament_max_volumetric_speed": [
        "15"
    ],
    "filament_minimal_purge_on_wipe_tower": [
        "15"
    ],
    "filament_retract_before_wipe": [
        "nil"
    ],
    "filament_retract_restart_extra": [
        "nil"
    ],
    "filament_retract_when_changing_layer": [
        "nil"
    ],
    "filament_retraction_length": [
        "nil"
    ],
    "filament_retraction_minimum_travel": [
        "nil"
    ],
    "filament_retraction_speed": [
        "nil"
    ],
    "filament_settings_id": [
        "Generic PLA - DrkPxl"
    ],
    "filament_shrink": [
        "100%"
    ],
    "filament_soluble": [
        "0"
    ],
    "filament_start_gcode": [
        "; filament start gcode\n"
    ],
    "filament_type": [
        "PLA"
    ],
    "filament_vendor": [
        "Generic"
    ],
    "filament_wipe": [
        "nil"
    ],
    "filament_wipe_distance": [
        "nil"
    ],
    "filament_z_hop": [
        "nil"
    ],
    "filament_z_hop_types": [
        "nil"
    ],
    "from": "",
    "full_fan_speed_layer": [
        "4"
    ],
    "hot_plate_temp": [
        "55"
    ],
    "hot_plate_temp_initial_layer": [
        "60"
    ],
    "inherits": "Creality Generic PLA",
    "name": "Generic PLA - DrkPxl",
    "nozzle_temperature": [
        "215"
    ],
    "nozzle_temperature_initial_layer": [
        "215"
    ],
    "nozzle_temperature_range_high": [
        "230"
    ],
    "nozzle_temperature_range_low": [
        "200"
    ],
    "overhang_fan_speed": [
        "100"
    ],
    "overhang_fan_threshold": [
        "50%"
    ],
    "pressure_advance": [
        "0.036"
    ],
    "reduce_fan_stop_start_freq": [
        "1"
    ],
    "required_nozzle_HRC": [
        "0"
    ],
    "slow_down_for_layer_cooling": [
        "1"
    ],
    "slow_down_layer_time": [
        "1"
    ],
    "slow_down_min_speed": [
        "20"
    ],
    "support_material_interface_fan_speed": [
        "-1"
    ],
    "temperature_vitrification": [
        "60"
    ],
    "textured_plate_temp": [
        "60"
    ],
    "textured_plate_temp_initial_layer": [
        "60"
    ],
    "version": "1.6.1.0"
}
